"Variables ->","L_GDP_GAP","L_GDP_MINE_GAP","L_GDP_OTH_GAP","DL_GDP_yearly","DL_GDP_MINE_yearly","DL_GDP_OTH_yearly","D4L_GDP","D4L_GDP_MINE","D4L_GDP_OTH","RS","D4L_CPI","DLA_CPI","D4L_S","DLA_S","MCI","RMC","RR_GAP","L_Z_GAP"
"Comments ->","Output Gap (in %)","MINING Output Gap (in %)","NON-MINING Output Gap (in %)","Real GDP Growth Yearly (in % pa)","Real MINING GDP Growth Yearly (in % pa)","Real NON-MINING GDP Growth Yearly (in % pa)","Real GDP Growth YoY (in % pa)","Real MINING GDP Growth YoY (in % pa)","Real NON-MINING GDP Growth YoY (in % pa)","Nominal Policy Interest Rate (in % pa)","CPI Inflation YoY (in % pa)","CPI Inflation QoQ annualized (in % pa)","Nominal Exch. Rate Depreciation YoY (in % pa)","Nominal Exch. Rate Depreciation QoQ annualized (in % pa)","Real Monetary Condition Index (in % pa)","Real Marginal Cost  (in %)","Real Interest Rate Gap (in %)","Real Exchange Rate Gap (in %)"
"Class[Size] ->","tseries[120-by-1]","tseries[120-by-1]","tseries[120-by-1]","tseries[120-by-1]","tseries[120-by-1]","tseries[120-by-1]","tseries[120-by-1]","tseries[120-by-1]","tseries[120-by-1]","tseries[120-by-1]","tseries[120-by-1]","tseries[120-by-1]","tseries[120-by-1]","tseries[120-by-1]","tseries[120-by-1]","tseries[120-by-1]","tseries[120-by-1]","tseries[120-by-1]"
"2000Q1",-4.37904539e+00,3.22269617e+00,-6.58795397e+00,NaN,NaN,NaN,NaN,NaN,NaN,1.12000000e+01,NaN,NaN,NaN,NaN,NaN,NaN,NaN,NaN
"2000Q2",2.85620747e+00,-2.59044393e-01,3.69724096e+00,NaN,NaN,NaN,NaN,NaN,NaN,1.56000000e+01,NaN,3.00767616e+01,NaN,-1.14785392e+01,NaN,NaN,NaN,NaN
"2000Q3",4.25584638e+00,5.08829853e+00,4.56946698e+00,NaN,NaN,NaN,NaN,NaN,NaN,1.09000000e+01,NaN,-1.47011021e+01,NaN,9.32589724e+00,NaN,NaN,NaN,NaN
"2000Q4",5.80209379e+00,1.12504113e+00,6.62533827e+00,NaN,NaN,NaN,NaN,NaN,NaN,8.60000000e+00,NaN,-2.49590084e+00,NaN,4.91782804e+00,NaN,NaN,NaN,NaN
"2001Q1",-2.75518699e+00,-4.57425426e+00,-2.48982007e+00,NaN,NaN,NaN,7.69818404e+00,-2.72713213e+00,1.04149570e+01,1.12000000e+01,1.04838888e+01,2.90557965e+01,9.94127312e-01,1.21132312e+00,NaN,NaN,-7.50283412e+00,NaN
"2001Q2",-2.02637673e+00,6.02467181e-01,-2.39865732e+00,NaN,NaN,NaN,1.18668920e+00,5.96074402e+00,2.06323358e-01,1.24900000e+01,1.33995135e+00,-6.49898817e+00,4.50682442e+00,2.57224929e+00,NaN,NaN,3.27961042e+00,NaN
"2001Q3",1.09650105e+00,1.32208918e+01,-1.26046183e+00,NaN,NaN,NaN,2.91457907e+00,1.32767369e+01,4.65757859e-01,9.90000000e+00,4.84956726e+00,-6.62638422e-01,1.83394387e+00,-1.36562497e+00,NaN,NaN,-2.46680911e+00,NaN
"2001Q4",1.52966584e+00,7.78615392e+00,6.08403509e-02,NaN,NaN,NaN,1.81914844e+00,1.18670657e+01,-2.63338265e-01,8.61000000e+00,7.39745936e+00,7.69566756e+00,5.03219728e-01,-4.05068532e-01,NaN,NaN,-5.94417605e+00,NaN
"2002Q1",6.52677939e+00,5.11325051e+00,7.25892997e+00,NaN,NaN,NaN,1.54055189e+01,1.49786489e+01,1.60676884e+01,1.13500000e+01,-1.68360873e+00,-7.26847589e+00,4.65556982e-01,1.06067214e+00,NaN,NaN,6.24892726e+00,NaN
"2002Q2",-3.50179066e+00,-3.82210223e+00,-3.36606771e+00,NaN,NaN,NaN,4.69309168e+00,9.85794817e-01,5.37780731e+00,1.14800000e+01,-4.60429276e-02,5.12750353e-02,9.53585843e-01,4.52436473e+00,NaN,NaN,5.13280311e+00,NaN
"2002Q3",-5.52301891e+00,-1.92484046e+01,-2.49838594e+00,NaN,NaN,NaN,-3.88630142e-01,-2.68889814e+01,5.14436148e+00,1.30000000e+01,2.42142527e+00,9.20723438e+00,1.45676163e+00,6.47078195e-01,NaN,NaN,4.60017380e+00,NaN
"2002Q4",-2.67801801e+00,-1.51741292e+00,-3.52179148e+00,NaN,NaN,NaN,2.10655326e+00,-3.48863406e+00,2.84919349e+00,9.90000000e+00,1.97379957e+00,5.90516473e+00,2.01146040e+00,1.81372652e+00,NaN,NaN,2.38681844e+00,NaN
"2003Q1",-8.27003637e-01,-6.74009299e+00,7.89635066e-01,NaN,NaN,NaN,-9.35840779e-01,-5.74548285e+00,2.54515415e-02,3.90000000e+00,5.15849270e+00,5.47029665e+00,2.96953303e+00,4.89296266e+00,NaN,NaN,-6.33676803e+00,NaN
"2003Q2",-9.47087509e-01,-1.73500646e+01,2.08672468e+00,NaN,NaN,NaN,9.09347336e+00,-7.08103547e+00,1.20225118e+01,1.54600000e+01,6.41609767e+00,5.08169493e+00,2.73669725e+00,3.59302162e+00,NaN,NaN,4.44523731e+00,NaN
"2003Q3",-1.06253965e+00,-1.47605716e+01,2.08439425e+00,NaN,NaN,NaN,1.11293691e+01,1.13003846e+01,1.12341515e+01,1.13000000e+01,4.75305732e+00,2.55507295e+00,3.63931932e+00,4.25756649e+00,NaN,NaN,2.44676804e+00,NaN
"2003Q4",-4.01919465e+00,-1.28783077e+01,-3.87877921e+00,NaN,NaN,NaN,5.46089006e+00,-4.18419495e+00,6.38074954e+00,1.14700000e+01,4.74040738e+00,5.85456498e+00,3.89930730e+00,2.85367843e+00,NaN,NaN,3.14438656e+00,NaN
"2004Q1",3.45502570e-01,-1.06661198e+01,3.10942709e+00,NaN,NaN,NaN,8.10736032e+00,3.58811449e+00,9.14950867e+00,9.16000000e+00,6.45353253e+00,1.23227973e+01,3.26524093e+00,2.35669718e+00,NaN,NaN,-3.51222905e-01,NaN
"2004Q2",4.45471828e+00,1.84126014e+01,2.55644748e+00,NaN,NaN,NaN,1.24647730e+01,4.35552114e+01,7.39770848e+00,1.32900000e+01,5.29461673e+00,4.46031733e-01,2.89603780e+00,2.11620908e+00,NaN,NaN,5.47185935e+00,NaN
"2004Q3",1.74456957e+00,1.40371277e+01,-4.93690564e-01,NaN,NaN,NaN,9.98996311e+00,3.67748272e+01,4.45658563e+00,1.46400000e+01,1.12065380e+01,2.62027581e+01,3.37459099e+00,6.17177926e+00,NaN,NaN,1.44507846e+00,NaN
"2004Q4",-2.61145924e+00,-8.22759746e+00,-3.15481865e+00,NaN,NaN,NaN,8.70207366e+00,1.27061661e+01,7.87615123e+00,1.57500000e+01,1.09334147e+01,4.76207159e+00,3.55025934e+00,3.55635184e+00,NaN,NaN,3.35521943e+00,NaN
"2005Q1",-2.51219704e+00,1.33221882e+01,-5.30588152e+00,NaN,NaN,NaN,4.54129913e+00,3.20214031e+01,-1.13395393e+00,9.52000000e+00,1.19547641e+01,1.64081949e+01,2.66532063e+00,-1.18305766e+00,NaN,NaN,-3.38723503e+00,NaN
"2005Q2",1.00878331e+00,9.41599211e+00,1.06211320e-01,NaN,NaN,NaN,4.05335875e+00,-1.07809090e+00,4.97318721e+00,5.49000000e+00,1.66121795e+01,1.90756933e+01,1.69749409e+00,-1.75509708e+00,NaN,NaN,-1.15959751e+01,NaN
"2005Q3",1.53577741e+00,1.63853666e+01,-1.41115319e+00,NaN,NaN,NaN,7.38710329e+00,1.00834295e+01,6.65693538e+00,6.95000000e+00,1.02745782e+01,8.52353134e-01,7.95484236e-01,2.56373983e+00,NaN,NaN,-3.35989806e+00,NaN
"2005Q4",6.19380527e-01,-4.09212667e+00,1.08002938e-01,NaN,NaN,NaN,1.09181623e+01,1.16364249e+01,1.09915701e+01,4.75000000e+00,9.23079692e+00,5.86946360e-01,1.14995739e+00,4.97424445e+00,NaN,NaN,-4.12057287e+00,NaN
"2006Q1",-2.00497347e-01,1.36987366e+00,9.94406826e-01,NaN,NaN,NaN,1.00836626e+01,-4.71719548e+00,1.41806596e+01,3.65000000e+00,5.07050579e+00,-2.32969654e-01,-3.40443469e-01,-7.14466109e+00,NaN,NaN,-7.08302262e-01,NaN
"2006Q2",-3.41890624e+00,-2.32262177e+00,-3.64634773e+00,NaN,NaN,NaN,3.42253451e+00,-4.77903393e+00,4.27264305e+00,7.40000000e+00,2.13402194e+00,7.32975794e+00,-8.36126131e-01,-3.73782772e+00,NaN,NaN,6.28853955e+00,NaN
"2006Q3",-1.30959303e+00,-3.73317512e+00,-7.34125627e-01,NaN,NaN,NaN,5.07858763e+00,-1.34297805e+01,8.84014196e+00,7.43000000e+00,3.38849449e+00,5.87024333e+00,-2.61278897e+00,-4.54291151e+00,NaN,NaN,5.33518901e+00,NaN
"2006Q4",6.47459476e+00,2.75842987e+01,1.73242828e+00,NaN,NaN,NaN,1.38474640e+01,3.81061762e+01,9.91606158e+00,6.42000000e+00,4.96338667e+00,6.88651506e+00,-4.72880248e+00,-3.48980959e+00,NaN,NaN,2.98063812e+00,NaN
"2007Q1",-1.30955958e+00,8.16307336e+00,-2.17034305e+00,NaN,NaN,NaN,6.94334349e+00,1.29702620e+01,5.24396894e+00,4.26000000e+00,6.90224385e+00,7.52245905e+00,-3.54572132e+00,-2.41233645e+00,NaN,NaN,-9.33537748e-01,NaN
"2007Q2",2.53318919e+00,5.88899239e+00,1.78961271e+00,NaN,NaN,NaN,1.40574873e+01,1.41566213e+01,1.39492890e+01,3.68000000e+00,5.96124696e+00,3.56577039e+00,-1.49094827e+00,4.48126446e+00,NaN,NaN,-4.40261692e-01,NaN
"2007Q3",1.96516917e+00,-4.69655831e+00,2.87351424e+00,NaN,NaN,NaN,1.14262432e+01,4.78875950e+00,1.22100940e+01,8.75000000e+00,1.14838091e+01,2.79604918e+01,9.38752342e-01,5.17589095e+00,NaN,NaN,-8.19105487e-01,NaN
"2007Q4",4.49233462e+00,5.97245812e-01,5.18140296e+00,NaN,NaN,NaN,6.21240602e+00,-2.13648945e+01,1.21254560e+01,9.85000000e+00,1.66752829e+01,2.76524104e+01,9.20045876e-01,-3.56463545e+00,NaN,NaN,-4.90130535e+00,NaN
"2008Q1",4.74016868e+00,1.53916144e+00,6.28911752e+00,NaN,NaN,NaN,1.42907151e+01,-1.04577028e+00,1.71975116e+01,1.12500000e+01,2.12503874e+01,2.58228768e+01,4.11579608e-01,-4.44620153e+00,NaN,NaN,-8.13695180e+00,NaN
"2008Q2",2.74891107e+00,-7.01757323e+00,3.96133159e+00,NaN,NaN,NaN,8.51096565e+00,-7.28025273e+00,1.09636785e+01,1.54200000e+01,2.91115154e+01,3.50102825e+01,-2.29767527e-01,1.91587591e+00,NaN,NaN,-1.19607461e+01,NaN
"2008Q3",2.92662763e+00,-5.97169345e+00,4.05853363e+00,NaN,NaN,NaN,9.32747722e+00,4.49361753e+00,1.00333099e+01,1.60600000e+01,2.78829830e+01,2.30463622e+01,-2.04627792e+00,-2.09015062e+00,NaN,NaN,-1.02942269e+01,NaN
"2008Q4",6.34163022e-01,-8.07424017e+00,2.47592760e+00,NaN,NaN,NaN,4.60385682e+00,-2.67201109e+00,6.21300929e+00,1.47800000e+01,2.01474845e+01,-3.28958357e+00,1.72433019e-01,5.31020831e+00,NaN,NaN,-4.09983570e+00,NaN
"2009Q1",-5.34942319e+00,-8.37951016e+00,-4.67254142e+00,NaN,NaN,NaN,-1.49700160e+00,-3.60697507e+00,-1.94693546e+00,1.35900000e+01,1.45561436e+01,3.45751321e+00,2.10138271e+01,7.89193746e+01,NaN,NaN,-2.00959716e-03,NaN
"2009Q2",-6.71875807e+00,-4.97305382e+00,-6.98147605e+00,NaN,NaN,NaN,-7.03058655e-01,8.73773428e+00,-1.79531005e+00,1.64800000e+01,6.41938452e+00,2.46324623e+00,2.06208891e+01,3.44123963e-01,NaN,NaN,1.06980763e+01,NaN
"2009Q3",-9.75444657e+00,-7.83225659e+00,-1.04313630e+01,NaN,NaN,NaN,-3.70238496e+00,5.26506487e+00,-5.16945017e+00,1.19500000e+01,5.73080824e-01,-3.38852585e-01,2.20150570e+01,3.48652123e+00,NaN,NaN,1.16837987e+01,NaN
"2009Q4",-7.64260122e+00,6.87059733e-03,-9.13422390e+00,NaN,NaN,NaN,9.52745161e-01,9.94218005e+00,-6.91135278e-01,8.18486044e+00,3.88054099e+00,1.29726473e+01,1.99892681e+01,-2.79294757e+00,NaN,NaN,6.92441324e+00,NaN
"2010Q1",-1.17917852e+01,4.64466823e-13,-1.36653978e+01,1.31271432e-01,3.49929124e+00,-4.11269522e-01,-2.14411928e+00,4.86701613e+00,-3.17409294e+00,1.00300000e+01,1.03977334e+01,1.57274582e+01,2.31363883e+01,1.62848577e+01,-1.30680568e+01,3.02753851e+00,-5.89984886e+00,1.78468622e+01
"2010Q2",-9.03260306e+00,-1.71779242e+00,-1.01099402e+01,3.63175035e-01,4.01935177e+00,-1.76840780e-01,1.69653403e+00,4.35511085e+00,1.44088214e+00,1.08700000e+01,1.37414906e+01,1.78103760e+01,1.52858502e+01,-9.04375600e+00,-9.75611790e+00,1.17949018e+00,-7.30291961e+00,1.13915834e+01
"2010Q3",-6.47934484e+00,9.95992020e+00,-9.50613043e+00,1.44449751e+00,7.59652195e+00,4.32605648e-01,5.48561559e+00,1.72941428e+01,3.27602276e+00,1.10100000e+01,1.10020844e+01,-2.50214400e+00,5.00619367e+00,-1.38633400e+01,-5.11210662e+00,1.22279046e+00,6.07122092e-01,8.92492577e+00
"2010Q4",-5.09311600e+00,7.03764916e+00,-7.02765396e+00,3.48914670e+00,1.05130428e+01,2.37495099e+00,8.91855647e+00,1.55359013e+01,7.95699201e+00,1.09900000e+01,1.10925915e+01,1.33346760e+01,-6.99926058e+00,-2.13748040e+01,-1.92477733e+00,-1.53603903e+00,-1.78038641e+00,2.02103793e+00
"2011Q1",-8.26141848e-01,7.26471765e-01,-6.14682476e-01,8.42365152e+00,1.18611712e+01,7.96006423e+00,1.75939000e+01,1.02595300e+01,1.91663600e+01,1.08100000e+01,8.35361300e+00,4.77154400e+00,-1.41912580e+01,-1.24831320e+01,1.88856732e+00,-1.07663729e+00,2.73071919e+00,-1.32713274e+00
"2011Q2",2.54567224e+00,4.91834933e+00,2.31450864e+00,1.26247405e+01,1.50070160e+01,1.22875037e+01,1.85008900e+01,1.69384900e+01,1.87506400e+01,1.16500000e+01,3.83458100e+00,-2.65752000e-01,-1.08086570e+01,4.48664800e+00,8.17176883e-01,1.72915464e+00,3.41189776e+00,9.12637038e-01
"2011Q3",4.72456174e+00,4.92841998e+00,4.57832382e+00,1.58458066e+01,1.21485253e+01,1.66167355e+01,1.83698800e+01,5.86018000e+00,2.05929500e+01,1.17700000e+01,8.95653600e+00,1.79856760e+01,-7.18906400e+00,6.15032000e-01,1.11759400e+00,1.04061478e+00,-1.17101328e+00,-2.64333219e+00
"2011Q4",-2.28399559e+00,-5.53158095e+00,-1.58614345e+00,1.61772175e+01,7.97899750e+00,1.76705200e+01,1.02442000e+01,-1.14221000e+00,1.21721300e+01,1.42500000e+01,9.06764500e+00,1.37791120e+01,3.43878800e+00,2.11366040e+01,6.01882274e-01,-1.59675826e+00,1.40424293e-01,-9.09520928e-01
"2012Q1",7.76595325e+00,9.38621559e-01,9.81007591e+00,1.58537850e+01,8.46047250e+00,1.72239675e+01,1.63001700e+01,1.21854300e+01,1.73801500e+01,1.44200000e+01,1.15550460e+01,1.47211480e+01,8.67274400e+00,8.45269200e+00,-3.63263793e-02,2.61156037e+00,-3.90506470e+00,-2.54283250e+00
"2012Q2",5.19541095e+00,6.37868398e+00,5.05119630e+00,1.38835975e+01,7.70884750e+00,1.50144950e+01,1.06201400e+01,1.39319900e+01,9.91275000e+00,1.56900000e+01,1.49433270e+01,1.32873720e+01,6.70772700e+00,-3.37342000e+00,3.81206962e+00,-8.27655991e-01,-7.45910347e-01,-6.85072293e+00
"2012Q3",1.22246906e+00,-1.16672391e+01,3.09485051e+00,1.04712350e+01,5.31926750e+00,1.13447700e+01,4.72043000e+00,-3.69814000e+00,5.91405000e+00,1.65900000e+01,1.39697050e+01,1.40911880e+01,8.94053500e+00,9.54626400e+00,5.16505728e+00,-3.58384390e+00,3.27407897e-01,-8.39015687e+00
"2012Q4",5.32449616e+00,-8.05661100e+00,8.21251214e+00,1.19215525e+01,8.29525250e+00,1.26466850e+01,1.60454700e+01,1.07617300e+01,1.73797900e+01,1.54700000e+01,1.27915980e+01,9.06668400e+00,4.47477400e+00,3.27356000e+00,6.66792832e+00,-2.36543015e+00,1.58678610e+00,-1.00553565e+01
"2013Q1",6.38959482e+00,-5.46207240e+00,9.07980434e+00,9.64359250e+00,7.04128750e+00,1.00394175e+01,7.18833000e+00,7.16957000e+00,6.95108000e+00,1.32700000e+01,1.08359660e+01,6.89862000e+00,2.95217700e+00,2.36230400e+00,7.27561669e+00,-2.36993302e+00,1.49485043e+00,-1.11294609e+01
"2013Q2",5.85852532e+00,-6.49157746e-01,6.51681764e+00,9.31256500e+00,5.23641000e+00,9.86053750e+00,9.29603000e+00,6.71248000e+00,9.19723000e+00,1.13900000e+01,9.62689400e+00,8.45108400e+00,8.37672500e+00,1.83247720e+01,5.76098723e+00,-1.65340824e+00,6.54455360e-01,-9.16534181e+00
"2013Q3",9.36724830e+00,-2.14544988e+00,1.18912786e+01,1.23271225e+01,1.19846075e+01,1.25128825e+01,1.67786600e+01,2.32946500e+01,1.65234300e+01,1.05300000e+01,8.97035400e+00,1.14650280e+01,1.36946060e+01,3.08177880e+01,2.09053754e+00,2.33196291e+00,-1.82863986e+00,-4.70332248e+00
"2013Q4",6.45291117e+00,3.91680579e+00,7.02624213e+00,1.07305575e+01,1.56819325e+01,9.78141250e+00,9.65921000e+00,2.55510300e+01,6.45391000e+00,1.05400000e+01,1.08917850e+01,1.67524080e+01,1.96901050e+01,2.72555560e+01,-6.28513253e-01,2.01426037e+00,-5.20786878e+00,-2.42439043e+00
"2014Q1",5.27221589e+00,-1.99262403e-12,6.50109400e+00,1.07437600e+01,1.85329150e+01,9.27890750e+00,7.24114000e+00,1.85735000e+01,4.94106000e+00,1.05700000e+01,1.19077120e+01,1.09623280e+01,2.21809580e+01,1.23257160e+01,-1.67274385e-01,1.23648841e+00,-4.61704458e+00,-2.79923908e+00
"2014Q2",6.04507350e+00,-5.32493802e+00,7.54841202e+00,1.04923050e+01,1.87740900e+01,9.07594500e+00,8.29021000e+00,7.67718000e+00,8.38538000e+00,1.05600000e+01,1.28512870e+01,1.22253840e+01,2.35563770e+01,2.38264480e+01,-1.70526038e+00,2.67918671e+00,-5.29320108e+00,-6.86700081e-01
"2014Q3",1.11052561e+01,1.65801706e+01,1.07843442e+01,8.67589250e+00,2.04904350e+01,6.45066000e+00,9.51301000e+00,3.01600300e+01,6.02229000e+00,1.20800000e+01,1.27219570e+01,1.09477080e+01,1.63981690e+01,2.18495600e+00,1.24033214e+00,3.76499337e+00,-2.26207376e+00,-3.57526941e+00
"2014Q4",4.24640341e+00,6.62399105e+00,3.43593325e+00,7.55491000e+00,1.73713325e+01,5.65333250e+00,5.17528000e+00,1.30746200e+01,3.26460000e+00,1.21200000e+01,1.08022390e+01,9.07353600e+00,9.54907300e+00,-1.40828000e-01,3.60289327e+00,-1.26291753e+00,-1.15112453e+00,-6.77223847e+00
"2015Q1",2.16536275e+00,3.01564672e+00,1.99309677e+00,6.70879500e+00,1.58083400e+01,4.92861250e+00,3.85668000e+00,1.23215300e+01,2.04218000e+00,1.30600000e+01,9.12622700e+00,4.25828000e+00,1.14477480e+01,1.99204160e+01,3.17308476e+00,-7.76950637e-01,2.35381585e+00,-3.71926403e+00
"2015Q2",2.60444689e+00,7.26651169e+00,1.87152017e+00,5.41663750e+00,1.91256850e+01,2.97449750e+00,3.12158000e+00,2.09465600e+01,5.68920000e-01,1.30200000e+01,6.97817600e+00,3.63318000e+00,7.12743500e+00,6.54519600e+00,3.67964497e+00,-4.53878121e-01,3.93080773e+00,-3.51220313e+00
"2015Q3",2.38947113e+00,1.64449896e+01,1.45792591e-01,2.40592250e+00,1.34145425e+01,2.99975000e-01,-2.52985000e+00,7.31546000e+00,-4.67580000e+00,1.30100000e+01,4.78874500e+00,2.18998400e+00,7.45403200e+00,3.49134400e+00,4.31107200e+00,-5.16473110e-01,5.64405398e+00,-3.42241735e+00
"2015Q4",-2.38914661e+00,1.28061967e+01,-6.84955013e+00,9.20275000e-01,1.33451400e+01,-1.65342250e+00,-7.67310000e-01,1.27970100e+01,-4.54899000e+00,1.30000000e+01,2.13735000e+00,-1.53204400e+00,6.31415500e+00,-4.70033600e+00,6.41987508e+00,-3.90014088e+00,7.93298499e+00,-5.41113514e+00
"2016Q1",-1.51985338e+00,9.42110902e+00,-3.75418967e+00,4.37865000e-01,1.33187700e+01,-2.20647500e+00,1.92704000e+00,1.22160500e+01,-1.70030000e-01,1.20200000e+01,1.01935800e+00,-2.13688000e-01,3.17063300e+00,7.34632800e+00,4.94783370e+00,-2.55896514e+00,6.97246889e+00,-3.59807691e+00
"2016Q2",-2.72874287e+00,4.73069524e+00,-3.46499665e+00,-3.21012500e-01,8.71098250e+00,-2.31178250e+00,8.60700000e-02,2.51541000e+00,1.47690000e-01,1.05100000e+01,6.67278000e-01,2.22486000e+00,2.72915100e+00,4.77926800e+00,3.91513126e+00,-3.08658969e+00,4.62117338e+00,-3.44443651e+00
"2016Q3",-6.12887515e+00,-3.98119399e+00,-6.67759593e+00,-4.95890000e-01,2.86963250e+00,-1.48616500e+00,-3.22936000e+00,-1.60499400e+01,-1.37333000e+00,1.59500000e+01,1.15002000e-01,-1.91200000e-02,8.19290600e+00,2.53463640e+01,2.65063373e+00,-1.98198809e+00,9.87393278e+00,2.16489898e+00
"2016Q4",-7.61940951e-01,8.64184924e+00,-3.00533568e+00,1.40762250e+00,-4.08205000e-01,1.97744000e+00,6.84674000e+00,-3.14340000e-01,9.30543000e+00,1.45200000e+01,1.37880000e+00,3.52314800e+00,1.88887840e+01,3.80831760e+01,-3.51473231e+00,4.66188343e+00,6.34173095e+00,1.00857078e+01
"2017Q1",-1.59243925e+00,-6.24174167e-01,-1.49554661e+00,2.19646750e+00,-5.12132000e+00,3.95039500e+00,5.08242000e+00,-6.63641000e+00,7.72179000e+00,1.40000000e+01,2.98581600e+00,6.21437600e+00,2.01416030e+01,1.23576040e+01,-4.73533054e+00,4.67856405e+00,4.58602468e+00,1.09495674e+01
"2017Q2",-2.30919255e+00,-1.07485228e+00,-2.07096964e+00,3.54992000e+00,-6.44168000e+00,5.62209750e+00,5.49988000e+00,-2.76603000e+00,6.83450000e+00,1.28600000e+01,3.30059500e+00,3.48397600e+00,1.83825640e+01,-2.25688800e+00,-4.13193791e+00,3.46786026e+00,3.53752484e+00,9.24491307e+00
"2017Q3",-3.24875155e+00,2.74702302e+00,-4.64183529e+00,6.32221000e+00,-7.28025000e-02,7.81998000e+00,7.85980000e+00,9.42557000e+00,7.41820000e+00,1.20000000e+01,5.52985000e+00,8.89790000e+00,1.22923410e+01,9.85472000e-01,-3.72856044e+00,1.77078724e+00,8.64087925e-01,6.79032602e+00
"2017Q4",-2.23666356e+00,-8.25980910e+00,-8.35993159e-01,5.45592500e+00,-3.64060750e+00,7.36210750e+00,3.38160000e+00,-1.45855600e+01,7.47394000e+00,1.17300000e+01,6.27650500e+00,6.50976800e+00,1.66026000e+00,-4.44514800e+00,-1.70800286e+00,7.65576625e-01,1.38171807e+00,3.76781681e+00
"2018Q1",-6.38477326e-01,1.70903005e-12,-6.23050373e-01,5.60212500e+00,-1.33688750e+00,6.94981750e+00,5.66722000e+00,2.57847000e+00,6.07263000e+00,1.07600000e+01,6.40640500e+00,6.73397600e+00,-2.58266200e+00,-4.61408400e+00,-5.75922242e-01,1.07439485e-01,-1.59771161e-01,8.53356296e-01
"2018Q2",4.06774043e-01,1.37337714e+00,8.04534095e-01,6.04164750e+00,3.48422500e-01,7.22858500e+00,7.25797000e+00,3.97521000e+00,7.94957000e+00,1.00000000e+01,6.92565100e+00,5.56096000e+00,1.33476000e-01,8.60766400e+00,-6.59744118e-01,8.14726838e-01,1.84659154e-01,1.22267963e+00
"2018Q3",1.26705094e-01,2.11667412e-01,-1.05653540e-01,6.00544500e+00,-2.37658750e+00,7.73761000e+00,7.71499000e+00,-1.47447000e+00,9.45430000e+00,1.00000000e+01,5.54425900e+00,3.37233200e+00,1.56234200e+00,6.70093600e+00,-9.15945293e-01,1.25788444e+00,1.29373246e+00,2.38906379e+00
"2018Q4",2.11634397e+00,4.88362081e+00,1.89289160e+00,7.27235750e+00,4.70645500e+00,7.72951250e+00,8.44925000e+00,1.37466100e+01,7.44155000e+00,1.10900000e+01,7.81711900e+00,1.56012080e+01,6.03725000e+00,1.34544840e+01,-1.79007388e+00,1.88922959e+00,-1.98201190e+00,1.66211520e+00
"2019Q1",3.40841892e+00,1.32197331e+01,1.26505819e+00,7.82503250e+00,7.40113250e+00,7.80409000e+00,7.87792000e+00,1.33571800e+01,6.37094000e+00,1.10300000e+01,6.50941500e+00,1.50316000e+00,9.44180200e+00,9.00412400e+00,-1.37636817e+00,3.41428737e+00,1.68931331e+00,3.42015582e+00
"2019Q2",4.21138493e+00,1.24117529e+01,3.58374941e+00,7.84174750e+00,9.09141500e+00,7.56018500e+00,7.32483000e+00,1.07363400e+01,6.97395000e+00,1.10300000e+01,7.95166400e+00,1.13299560e+01,8.85301000e+00,6.25249600e+00,-2.59549716e+00,3.54723169e+00,-2.16412521e+00,2.88307846e+00
"2019Q3",2.32969728e+00,-2.20572631e+00,3.14154205e+00,7.25950750e+00,8.67685250e+00,6.97615500e+00,5.38603000e+00,-3.13272000e+00,7.11818000e+00,1.10300000e+01,8.58806200e+00,5.91792400e+00,7.28740800e+00,4.38528000e-01,-7.58022555e-01,2.32912399e+00,1.59776964e+00,2.32855069e+00
"2019Q4",1.40223272e+00,-1.47108412e+01,4.62137343e+00,5.67186750e+00,7.55200000e-02,6.67213500e+00,2.09869000e+00,-2.06587200e+01,6.22547000e+00,1.10300000e+01,5.10155400e+00,1.65517600e+00,4.40119600e+00,1.90963600e+00,-1.38671409e+00,2.63742157e+00,2.34213042e+00,3.87261042e+00
"2020Q1",-1.00765109e+01,-2.61674950e+01,-7.49525433e+00,9.35600000e-01,-1.34338025e+01,3.65747250e+00,-1.10671500e+01,-4.06801100e+01,-5.68771000e+00,1.00000000e+01,6.24771400e+00,6.08780000e+00,4.56996600e+00,9.67920400e+00,-2.55849259e+00,-2.13985980e+00,2.29895551e+00,5.79679133e+00
"2020Q2",-5.61087462e+00,-1.99334632e+01,-3.50965899e+00,-2.82565000e+00,-2.45367850e+01,8.17587500e-01,-7.72017000e+00,-3.36755900e+01,-4.38559000e+00,9.00000000e+00,2.60802500e+00,-3.22880000e+00,5.34043800e+00,9.33438400e+00,-2.55269232e+00,1.12300865e+00,5.40360710e+00,7.85689192e+00
"2020Q3",-2.30179078e+00,-7.59700806e+00,-1.48577654e+00,-4.86947750e+00,-2.54058600e+01,-1.52323750e+00,-2.78928000e+00,-6.60902000e+00,-2.24512000e+00,8.00000000e+00,1.88683300e+00,3.03315600e+00,6.35101700e+00,4.48084400e+00,-4.12659183e+00,3.18200400e+00,2.68221859e+00,8.66579877e+00
"2020Q4",4.06679324e-01,7.64434884e+00,-6.63473521e-01,-5.22690750e+00,-1.49161150e+01,-3.86471000e+00,6.68970000e-01,2.13002600e+01,-3.14042000e+00,6.00000000e+00,2.44633200e+00,3.89317200e+00,5.60389500e+00,-1.07885200e+00,-3.92028488e+00,3.87956776e+00,1.22797209e+00,7.35245619e+00
"2021Q1",1.73500146e+00,6.95639039e+00,5.68056361e-01,8.85922500e-01,3.29727500e+00,7.75225000e-02,1.33841700e+01,3.21734500e+01,1.00812200e+01,6.00000000e+00,2.42527500e+00,6.00357200e+00,3.40375200e+00,8.78632000e-01,-4.95505104e+00,4.48059955e+00,-1.54833113e+00,7.22619764e+00
"2021Q2",-5.74513889e+00,-8.71731325e+00,-4.97560928e+00,3.16477500e+00,1.42851800e+01,1.29876250e+00,1.39524000e+00,1.02760300e+01,4.99370000e-01,6.00000000e+00,6.40071000e+00,1.26729400e+01,1.60231100e+00,2.12862000e+00,-4.84228205e+00,-4.04244556e-01,-4.70073047e+00,4.93664977e+00
"2021Q3",-4.80028527e+00,-1.30745710e+01,-3.45918660e+00,3.64063250e+00,1.43351425e+01,1.88209750e+00,-8.85850000e-01,-6.40917000e+00,8.82200000e-02,6.00000000e+00,9.88806000e+00,1.69825560e+01,2.20440000e-02,-1.84022400e+00,-3.65063756e+00,-2.19907349e+00,-8.52338647e+00,4.02138291e-01
"2021Q4",-5.02996330e+00,-9.51522968e+00,-3.95596981e+00,2.56772750e+00,4.50508000e+00,2.41556500e+00,-3.62265000e+00,-1.80199900e+01,-1.00655000e+00,6.00000000e+00,1.29128430e+01,1.59923040e+01,5.97190000e-02,-9.28152000e-01,-2.39685267e+00,-4.12072598e+00,-1.08093647e+01,-3.21148866e+00
"2022Q1",-4.45961015e+00,-4.18105387e+01,6.22869021e-01,-1.79813750e+00,-1.59007000e+01,5.61237500e-01,-4.07929000e+00,-4.94496700e+01,2.66391000e+00,6.50000000e+00,1.46923010e+01,1.31214040e+01,6.98842000e-01,3.43512400e+00,-9.21145791e-01,-4.82308637e+00,-1.00827084e+01,-5.18656258e+00
"2022Q2",-1.51812709e+00,-3.05756426e+01,1.76510449e+00,-4.71157500e-01,-2.40091475e+01,2.86306250e+00,6.70316000e+00,-2.21577600e+01,9.70667000e+00,9.00000000e+00,1.55080070e+01,1.59357640e+01,8.12527200e+00,3.18343400e+01,-3.36024504e+00,-8.22809956e-01,-8.59185182e+00,-1.27492825e-01
"2022Q3",-9.08401435e-01,-1.63633390e+01,1.47510991e+00,1.42501500e+00,-2.31854025e+01,4.89245500e+00,6.69884000e+00,-3.11419000e+00,8.20579000e+00,1.00000000e+01,1.31091910e+01,7.38729200e+00,1.15423670e+01,1.18281560e+01,-2.44933799e+00,1.83373965e-01,-4.21062092e+00,1.27514936e+00
"2022Q4",-3.60447389e-01,-1.41314801e+01,2.05217074e+00,4.26208500e+00,-1.96715525e+01,7.51623500e+00,7.72563000e+00,-3.96459000e+00,9.48857000e+00,1.20000000e+01,1.23615770e+01,1.30018480e+01,1.77897020e+01,2.40611880e+01,-3.60096342e+00,1.63298321e+00,-3.56278785e+00,3.62641380e+00
"2023Q1",-2.12667084e-01,-3.43363050e+00,-3.40739670e-12,7.14966000e+00,2.56599000e+00,7.59322500e+00,7.47101000e+00,3.95005000e+01,2.97187000e+00,1.30000000e+01,1.15883080e+01,1.00283280e+01,1.98805060e+01,1.17983400e+01,-2.57258572e+00,1.84569936e+00,-5.75365598e-01,3.90406580e+00
"2023Q2",1.10722145e+00,3.17346257e+00,1.27638773e+00,6.95509500e+00,1.68999875e+01,5.95178500e+00,5.92490000e+00,3.51782300e+01,3.14091000e+00,1.30000000e+01,1.00729640e+01,9.87438800e+00,1.13813070e+01,-2.16245600e+00,-7.97306976e-01,8.70460053e-01,-1.04271945e+00,6.33698657e-01
"2023Q3",3.47506783e+00,-1.82615131e+00,4.36630592e+00,7.20197250e+00,2.17081500e+01,5.52481000e+00,7.68635000e+00,1.61184600e+01,6.49789000e+00,1.30000000e+01,9.55613700e+00,5.31998400e+00,7.84432000e+00,-2.31979200e+00,1.44960781e+00,1.11737092e+00,1.76353056e+00,-1.24032598e+00
"2023Q4",3.99307051e+00,-9.94380913e+00,6.31731516e+00,7.17504500e+00,2.41591700e+01,5.10619750e+00,7.61792000e+00,5.83949000e+00,7.81412000e+00,1.30000000e+01,7.62691200e+00,5.28494800e+00,1.02084800e+00,-3.23270000e+00,3.00243883e+00,5.04422313e-01,3.02975825e+00,-2.98422588e+00
"2024Q1",4.17940161e+00,7.22325964e+00,3.27393668e+00,7.20605750e+00,1.73685100e+01,6.04961000e+00,7.59506000e+00,1.23378600e+01,6.74552000e+00,1.28131868e+01,6.64724000e+00,6.10964000e+00,-3.14695700e+00,-4.87288000e+00,5.62893932e+00,-1.25111382e+00,4.04990442e+00,-6.68162925e+00
"2024Q2",1.89089463e+00,1.77480973e+01,3.03257111e-01,6.70966250e+00,1.26309875e+01,5.87628250e+00,3.93932000e+00,1.62281400e+01,2.44760000e+00,1.13300000e+01,5.01921200e+00,3.36227600e+00,-2.48723100e+00,4.76448000e-01,5.95733556e+00,-2.82248966e+00,3.58952797e+00,-7.53587396e+00
"2024Q3",7.61352269e+00,1.32200556e+01,6.62394802e+00,6.60728741e+00,1.27526615e+01,5.67050064e+00,7.27684964e+00,1.66051561e+01,5.67476257e+00,1.06700000e+01,6.48203700e+00,1.11712840e+01,-2.26943000e+00,-1.44858800e+00,6.31604153e+00,-1.46997968e+00,-4.01192375e-02,-1.05534820e+01
"2024Q4",4.43724273e+00,8.80763692e+00,3.66599670e+00,5.60285000e+00,1.63311658e+01,3.92051501e+00,3.60016000e+00,2.01534932e+01,8.14180024e-01,1.00000000e+01,7.36764588e+00,8.82738350e+00,2.56570227e+00,1.61078291e+01,4.85383456e+00,-2.09311997e+00,-8.00637613e-01,-8.62348268e+00
"2025Q1",2.46096618e+00,5.80822424e+00,1.87027358e+00,4.07283181e+00,1.31854227e+01,2.77084990e+00,1.47500726e+00,-2.45092448e-01,2.14685956e+00,1.00000000e+01,7.56057906e+00,6.88137274e+00,7.37602846e+00,1.43684248e+01,3.47962056e+00,-2.10142157e+00,-1.29666260e+00,-6.66380933e+00
"2025Q2",1.19903369e+00,3.78005969e+00,7.43558510e-01,3.72372527e+00,5.87037184e+00,3.17912955e+00,2.54289382e+00,-1.30320834e+01,4.08071862e+00,9.73156380e+00,8.10461575e+00,5.53842277e+00,1.05609617e+01,1.32161808e+01,2.82816498e+00,-1.73750392e+00,5.93501372e-02,-4.67404154e+00
"2025Q3",4.67592409e-01,2.41748396e+00,1.23493900e-01,9.34983713e-01,-7.94371211e-01,1.06340988e+00,-3.87812622e+00,-1.00538122e+01,-2.78811869e+00,9.32356305e+00,6.51857619e+00,4.82712576e+00,1.39247366e+01,1.20065117e+01,1.98498529e+00,-1.17767002e+00,7.28064561e-01,-2.82293244e+00
"2025Q4",1.06081338e-01,1.50939251e+00,-1.41561810e-01,-2.24286362e-01,-7.50755535e+00,8.50442724e-01,-1.03692030e+00,-6.69923335e+00,-3.76885869e-02,8.94390149e+00,5.47258851e+00,4.64343276e+00,1.25289728e+01,1.05247740e+01,1.14003770e+00,-6.00752846e-01,8.88713706e-01,-1.30758703e+00
"2026Q1",-2.07839712e-02,9.10297751e-01,-1.85092510e-01,-3.84627495e-01,-8.55096165e+00,7.53860296e-01,8.33642726e-01,-4.41871764e+00,1.76052985e+00,8.67934714e+00,4.95685980e+00,4.81845790e+00,1.11863882e+01,8.99808632e+00,4.29996216e-01,-1.23727909e-01,7.34982768e-01,-2.26671848e-01
"2026Q2",-2.04304790e-02,5.20186820e-01,-1.15833532e-01,-4.92138416e-01,-6.01206725e+00,4.82011820e-01,2.11285013e+00,-2.87650579e+00,2.99332471e+00,8.55229754e+00,4.86570199e+00,5.17379153e+00,9.78146004e+00,7.59646817e+00,-6.86561278e-02,1.93686647e-01,4.40065341e-01,4.07803773e-01
"2026Q3",2.99936341e-02,2.70513489e-01,-1.24510463e-02,1.20445631e+00,-3.95868340e+00,2.11559861e+00,2.90825267e+00,-1.84027681e+00,3.74622846e+00,8.54318468e+00,5.04930229e+00,5.56152699e+00,8.40022276e+00,6.48156256e+00,-3.43162130e-01,3.45425734e-01,1.33381427e-01,6.60857834e-01
"2026Q4",8.25544761e-02,1.14465615e-01,7.69230987e-02,2.29697495e+00,-2.57126805e+00,3.15607666e+00,3.33315429e+00,-1.14957197e+00,4.12422363e+00,8.61226576e+00,5.35945932e+00,5.88406088e+00,7.20317199e+00,5.73657092e+00,-4.28194155e-01,3.62487977e-01,-1.06853172e-01,6.42421477e-01
"2027Q1",1.13925911e-01,2.02108681e-02,1.30463859e-01,2.96357797e+00,-1.64003938e+00,3.77598104e+00,3.50005480e+00,-6.93802939e-01,4.24014735e+00,8.71688674e+00,5.67884379e+00,6.09599574e+00,6.29279747e+00,5.35658823e+00,-3.83088452e-01,2.93122209e-01,-2.49243369e-01,4.72318507e-01
"2027Q2",1.18626259e-01,-3.37844421e-02,1.45522265e-01,3.31319861e+00,-1.02014896e+00,4.07790700e+00,3.51133268e+00,-3.96944107e-01,4.20102858e+00,8.82244941e+00,5.93391000e+00,6.19405637e+00,5.71155172e+00,5.27148519e+00,-2.70987818e-01,1.86050549e-01,-2.97257287e-01,2.53474839e-01
"2027Q3",1.01823652e-01,-6.19947493e-02,1.30732782e-01,3.44854813e+00,-6.11801382e-01,4.16508040e+00,3.44965077e+00,-2.06886514e-01,4.09492205e+00,8.90721203e+00,6.09393060e+00,6.20160941e+00,5.43612624e+00,5.37986062e+00,-1.44335981e-01,7.96502982e-02,-2.74624535e-01,5.74769443e-02
"2027Q4",7.31107536e-02,-7.40728363e-02,9.90843283e-02,3.45846278e+00,-3.46418658e-01,4.12991245e+00,3.37281288e+00,-8.80410718e-02,3.98355181e+00,8.96229247e+00,6.16121569e+00,6.15320123e+00,5.39698213e+00,5.57999448e+00,-3.78569050e-02,-2.58127527e-03,-2.12052219e-01,-7.82733041e-02
"2028Q1",4.20431841e-02,-7.63921949e-02,6.29435452e-02,3.41192972e+00,-1.77019213e-01,4.04527365e+00,3.31392255e+00,-1.62051596e-02,3.90159215e+00,8.98874925e+00,6.15784799e+00,6.08252493e+00,5.50551685e+00,5.79072711e+00,3.20774232e-02,-5.15692117e-02,-1.37578853e-01,-1.45181608e-01
"2028Q2",1.56263533e-02,-7.31075040e-02,3.12852693e-02,3.35550763e+00,-7.15343713e-02,3.96027975e+00,3.28564432e+00,2.49952608e-02,3.86105298e+00,8.99353323e+00,6.11313074e+00,6.01518739e+00,5.67781882e+00,5.96069306e+00,6.38760616e-02,-6.91729566e-02,-7.12682457e-02,-1.53972267e-01
"2028Q3",-2.51773590e-03,-6.68816269e-02,8.84059781e-03,3.31473844e+00,-8.17079749e-03,3.90113418e+00,3.28657399e+00,4.65677806e-02,3.85833979e+00,8.98566060e+00,6.05424359e+00,5.96606079e+00,5.84981958e+00,6.06786368e+00,6.52954534e-02,-6.35864712e-02,-2.37441762e-02,-1.24655207e-01
"2028Q4",-1.18133540e-02,-5.93822381e-02,-3.41884503e-03,3.29848726e+00,2.78030517e-02,3.87566683e+00,3.30780820e+00,5.58543248e-02,3.88168241e+00,8.97338705e+00,6.00095846e+00,5.94006074e+00,5.98306179e+00,6.11296332e+00,4.80363175e-02,-4.50749226e-02,2.58605696e-03,-7.83364912e-02
"2029Q1",-1.37808975e-02,-5.16196461e-02,-7.10347129e-03,3.30459707e+00,4.62802241e-02,3.87959416e+00,3.33836176e+00,5.77035301e-02,3.91730145e+00,8.96263761e+00,5.96404395e+00,5.93486687e+00,6.06299106e+00,6.11044417e+00,2.35513988e-02,-2.28743036e-02,1.09269325e-02,-3.19677097e-02
"2029Q2",-1.09432063e-02,-4.41754158e-02,-5.07869871e-03,3.32538077e+00,5.38506272e-02,3.90270961e+00,3.36877911e+00,5.52768733e-02,3.95351480e+00,8.95656571e+00,5.94630504e+00,5.94423178e+00,6.09279439e+00,6.07990640e+00,5.31344020e-04,-3.50634765e-03,7.22412649e-03,3.93051096e-03
"2029Q3",-5.90282527e-03,-3.73561219e-02,-3.52243517e-04,3.35196073e+00,5.48590153e-02,3.93380221e+00,3.39289385e+00,5.06013330e-02,3.98271018e+00,8.95590873e+00,5.94501707e+00,5.96090891e+00,6.08574919e+00,6.03968288e+00,-1.60142279e-02,9.65241557e-03,-2.22408508e-03,2.52076564e-02
"2029Q4",-7.41110567e-04,-3.12959500e-02,4.65091991e-03,3.37703253e+00,5.21321717e-02,3.96377965e+00,3.40809539e+00,4.49469505e-02,4.00159218e+00,8.95975493e+00,5.95467321e+00,5.97868529e+00,6.05830417e+00,6.00318324e+00,-2.44874519e-02,1.59289769e-02,-1.23200332e-02,3.25990643e-02